³ÌÐò                            ,À´Ô´
d5e74e1abebfd71058c38bb82a749b04,https://www.52pojie.cn/forum.php?mod=viewthread&tid=667958
1f735f5a31e2c01756056f1a2e8d2b02,https://www.52pojie.cn/forum.php?mod=viewthread&tid=586039
c2cd6abcb62a8df958049acffa204392,https://www.52pojie.cn/forum.php?mod=viewthread&tid=415143
033ae1ba78676130e99acc8d9f853124,https://www.52pojie.cn/forum.php?mod=viewthread&tid=583020
37421b87fb1195baef901f0860f9a257,https://www.52pojie.cn/forum.php?mod=viewthread&tid=506111
525ff989a32efb0dd5b79fb14537a741,https://www.52pojie.cn/forum.php?mod=viewthread&tid=603680
cba765dd3d8fed0aafec236b8af2840b,https://www.52pojie.cn/forum.php?mod=viewthread&tid=543358
b4d306165c136a12aa06e48c494a7702,https://www.52pojie.cn/forum.php?mod=viewthread&tid=574361
cf398e27450d09ae142f5e82718dfd66,https://www.52pojie.cn/forum.php?mod=viewthread&tid=508098

